symbol,active_days,price_days,missing_days,coverage_pct
ANGELONE,3134,0,3134,0.0
TATASTLBSL,320,0,320,0.0
TIFIN,36,0,36,0.0
TATASTLLP,250,0,250,0.0
SONASTEER,2,0,2,0.0
SITINET,801,0,801,0.0
SGPC,1915,0,1915,0.0
STRTECH,629,0,629,0.0
SHTV,1915,0,1915,0.0
RHIM,3134,0,3134,0.0
MFSL,2965,0,2965,0.0
KPIT,1172,0,1172,0.0
KSBPUMPS,801,0,801,0.0
MFL,124,0,124,0.0
PAPERPROD,4,0,4,0.0
POONAWALLA,1220,0,1220,0.0
ITDCEM,1599,0,1599,0.0
NBVENTURES,864,0,864,0.0
CENTURYTEX,1301,0,1301,0.0
CROMPGREAV,429,0,429,0.0
GLS,375,0,375,0.0
JAIBALAJI,126,11,115,8.73015873015873
EPIGRAL,2534,639,1895,25.21704814522494
KGL,62,20,42,32.25806451612903
INNOIND,62,20,42,32.25806451612903
COHANCE,3134,1598,1536,50.98915124441608
SKUMARSYNF,179,97,82,54.18994413407821
360ONE,3134,1715,1419,54.72239948947033
SEQUENT,1367,828,539,60.570592538405265
DALBHARAT,2828,1780,1048,62.94200848656294
EDUCOMP,304,196,108,64.47368421052632
NAVKARCORP,1295,878,417,67.7992277992278
COFFEEDAY,1475,1012,463,68.61016949152543
CHOLAHLDNG,3134,2204,930,70.32546266751756
MANPASAND,1295,922,373,71.1969111969112
ERAINFRA,179,128,51,71.50837988826815
PATANJALI,971,703,268,72.39958805355303
ALOKINDS,1245,915,330,73.49397590361446
EQUITAS,2164,1600,564,73.93715341959334
COREEDUTEC,179,133,46,74.30167597765363
TINPLATE,179,137,42,76.53631284916202
INFIBEAM,2432,1878,554,77.22039473684211
CROMPTON,3134,2544,590,81.17421825143586
ADANIENSOL,3134,2550,584,81.36566687938736
TULIP,62,51,11,82.25806451612904
SNOWMAN,1048,865,183,82.5381679389313
WSTCSTPAPR,179,149,30,83.24022346368714
OLAELEC,352,295,57,83.80681818181819
TTML,1220,1023,197,83.85245901639344
NH,3134,2639,495,84.20548819400128
ALKEM,3134,2648,486,84.49266113592853
LALPATHLAB,3134,2648,486,84.49266113592853
IDFCFIRSTB,3134,2669,465,85.16273133375877
INDIGO,3134,2677,457,85.41799617102744
GUJGASLTD,3030,2599,431,85.77557755775578
SUPPETRO,505,439,66,86.93069306930693
DYNAMATECH,801,697,104,87.01622971285893
SYNGENE,3134,2738,396,87.36439055520103
GVT&D,3134,2756,378,87.93873643905552
AVANTIFEED,2783,2470,313,88.75314408911247
RKFORGE,2017,1800,217,89.24144769459593
REIAGROLTD,304,272,32,89.47368421052632
WONDERLA,925,829,96,89.62162162162163
ATGL,1719,1541,178,89.64514252472368
BRFL,1049,943,106,89.89513822688275
SHARDACROP,1790,1610,180,89.94413407821229
JMTAUTOLTD,925,835,90,90.27027027027027
GVKPIL,1295,1169,126,90.27027027027027
ORCHIDCHEM,429,389,40,90.67599067599068
SFCL,755,685,70,90.72847682119205
NAZARA,620,563,57,90.80645161290323
SCHNEIDER,1587,1442,145,90.86326402016383
RELINFRA,1727,1577,150,91.31441806601042
JBFIND,1172,1071,101,91.38225255972696
RAMCOSYS,1172,1072,100,91.46757679180887
ELDERPHARM,304,279,25,91.77631578947368
JSWHL,927,851,76,91.8015102481122
INTELLECT,3008,2763,245,91.85505319148936
KESORAMIND,1172,1086,86,92.66211604095564
AFFLE,1660,1542,118,92.89156626506023
SUZLON,3134,2912,222,92.9164007657945
BCG,496,461,35,92.94354838709677
HGS,497,463,34,93.158953722334
DHANI,1364,1273,91,93.32844574780059
SHILPI,154,144,10,93.50649350649351
JBMA,971,908,63,93.51184346035015
TANLA,1118,1046,72,93.55992844364937
ADANIPOWER,1026,961,65,93.66471734892788
RELCAPITAL,588,552,36,93.87755102040816
JSWENERGY,3134,2952,182,94.19272495213784
HAPPSTMNDS,1240,1171,69,94.43548387096774
KIRLFER,18,17,1,94.44444444444444
NETWORK18,2819,2667,152,94.60801702731465
LATENTVIEW,1096,1038,58,94.7080291970803
GSPL,3134,2973,161,94.8627951499681
ZODIACLOTH,62,59,3,95.16129032258064
ADVANTA,571,545,26,95.44658493870404
BOMDYEING,1791,1713,78,95.64489112227805
HEMIPROP,374,358,16,95.72192513368984
JETAIRWAYS,1413,1354,59,95.82448690728945
SWSOLAR,1369,1313,56,95.90942293644996
CAPLIPOINT,2889,2772,117,95.95015576323988
FLUOROCHEM,1536,1474,62,95.96354166666667
GAYAPROJ,908,872,36,96.0352422907489
RASOYPR,429,412,17,96.03729603729603
HATHWAY,1919,1843,76,96.03960396039604
SMLISUZU,1172,1126,46,96.07508532423208
HSIL,1232,1186,46,96.26623376623377
GAMMONIND,429,413,16,96.27039627039628
IIFL,2762,2663,99,96.41564083997103
BFUTILITIE,1172,1130,42,96.41638225255973
IL&FSENGG,307,296,11,96.41693811074919
DEN,1356,1308,48,96.46017699115045
ADANIGREEN,1903,1838,65,96.58434051497635
ORBITCORP,179,173,6,96.64804469273743
JCHAC,1297,1255,42,96.76175790285274
RAIN,2534,2456,78,96.92186266771903
CDSL,2087,2023,64,96.93339722089124
COCHINSHIP,2123,2059,64,96.98539802166745
RPOWER,1951,1893,58,97.02716555612507
TVSSRICHAK,1295,1258,37,97.14285714285714
JISLJALEQS,1599,1554,45,97.18574108818011
ORISSAMINE,925,899,26,97.1891891891892
PUNJLLOYD,925,899,26,97.1891891891892
ITI,2210,2148,62,97.1945701357466
TATAINVEST,2211,2149,62,97.19583898688376
PNBHOUSING,2297,2234,63,97.25729212015672
RTNPOWER,1172,1141,31,97.35494880546075
RAMCOIND,429,418,11,97.43589743589743
HOTELEELA,429,418,11,97.43589743589743
ANSALAPI,429,418,11,97.43589743589743
TV18BRDCST,2670,2603,67,97.49063670411985
CGPOWER,2695,2629,66,97.55102040816327
DMART,2210,2157,53,97.60180995475113
CASTROL,42,41,1,97.61904761904762
HFCL,3134,3060,74,97.63880025526484
DBREALTY,1544,1508,36,97.66839378238342
IBULISL,305,298,7,97.70491803278688
GATI,1172,1146,26,97.7815699658703
DISHMAN,755,739,16,97.88079470198676
SPARC,2722,2667,55,97.97942689199118
ECLERX,3134,3071,63,97.98978940650926
TRIDENT,3073,3012,61,98.01496908558411
CASTROLIND,3134,3073,61,98.05360561582641
PRAJIND,2907,2853,54,98.14241486068111
PCJEWELLER,1599,1570,29,98.18636647904941
MAHSCOOTER,744,732,12,98.38709677419355
SONATSOFTW,3134,3088,46,98.53222718570517
LITL,801,790,11,98.62671660424469
STLTECH,2659,2623,36,98.64610755923279
EDELWEISS,2305,2279,26,98.87201735357918
VAKRANGEE,2164,2140,24,98.8909426987061
PTCIL,476,471,5,98.94957983193277
HSCL,1469,1454,15,98.9788972089857
JBCHEPHARM,3134,3102,32,98.97894065092534
POLARIS,1012,1002,10,99.01185770750988
BEML,2956,2930,26,99.12043301759134
HCC,1295,1284,11,99.15057915057915
RNAVAL,1295,1284,11,99.15057915057915
NAVINFLUOR,3134,3108,26,99.17038927887684
NATCOPHARM,3134,3108,26,99.17038927887684
MOTILALOFS,3134,3108,26,99.17038927887684
WELSPUNLIV,3134,3108,26,99.17038927887684
SOLARINDS,3134,3108,26,99.17038927887684
GREENPLY,1295,1285,10,99.22779922779922
RAYMOND,2660,2640,20,99.24812030075188
ICIL,1669,1658,11,99.34092270820851
SADBHAV,1664,1655,9,99.45913461538461
HEIDELBERG,2039,2028,11,99.46051986267778
SKFINDIA,2970,2959,11,99.62962962962963
SANOFI,2783,2773,10,99.64067553000359
WHIRLPOOL,3134,3123,11,99.64901084875558
MMTC,3134,3123,11,99.64901084875558
NITINFIRE,747,745,2,99.73226238286479
JKIL,1295,1292,3,99.76833976833977
ABCAPITAL,2087,2085,2,99.90416866315284
TECHNO,1139,1138,1,99.91220368744513
CAPF,1232,1231,1,99.91883116883118
COX&KINGS,1292,1291,1,99.92260061919505
INOXLEISUR,2199,2198,1,99.95452478399272
HDFC,2357,2356,1,99.95757318625371
IDFC,2666,2665,1,99.96249062265566
PEL,2744,2743,1,99.96355685131195
WABAG,1421,1421,0,100.0
WELCORP,2956,2956,0,100.0
WESTLIFE,1433,1433,0,100.0
WHEELS,8,8,0,100.0
WIPRO,3134,3134,0,100.0
WOCKPHARMA,2640,2640,0,100.0
VIPIND,2783,2783,0,100.0
VMART,1363,1363,0,100.0
VMM,352,352,0,100.0
VOLTAS,3134,3134,0,100.0
VRLLOG,1363,1363,0,100.0
VSTIND,1546,1546,0,100.0
VTL,3134,3134,0,100.0
WAAREEENER,352,352,0,100.0
VEDL,2968,2968,0,100.0
VENKEYS,1297,1297,0,100.0
VENTIVE,123,123,0,100.0
VESUVIUS,190,190,0,100.0
VGUARD,3030,3030,0,100.0
VIJAYA,1096,1096,0,100.0
VIJAYABANK,1253,1253,0,100.0
VINATIORGA,2356,2356,0,100.0
URBANCO,105,105,0,100.0
USHAMART,724,724,0,100.0
UTIAMC,1344,1344,0,100.0
VAIBHAVGBL,1247,1247,0,100.0
VALIANTORG,249,249,0,100.0
VARROC,1552,1552,0,100.0
VBL,2297,2297,0,100.0
ADVENZYMES,1410,1410,0,100.0
AEGISLOG,3134,3134,0,100.0
AEGISVOPAK,227,227,0,100.0
AETHER,496,496,0,100.0
AFCONS,352,352,0,100.0
AGARWALEYE,123,123,0,100.0
ACMESOLAR,352,352,0,100.0
ACUTAAS,105,105,0,100.0
ADANIENT,2519,2519,0,100.0
ADANIPORTS,3134,3134,0,100.0
ADLABS,3,3,0,100.0
ABFRL,3134,3134,0,100.0
ABIRLANUVO,838,838,0,100.0
ABLBL,227,227,0,100.0
ABREL,3134,3134,0,100.0
ABSLAMC,726,726,0,100.0
ACC,3134,3134,0,100.0
ACE,601,601,0,100.0
ACI,496,496,0,100.0
AARTIIND,2727,2727,0,100.0
AAVAS,1840,1840,0,100.0
ABAN,1172,1172,0,100.0
ABB,1536,1536,0,100.0
ABBOTINDIA,1719,1719,0,100.0
ABDL,105,105,0,100.0
DOMS,601,601,0,100.0
DRDATSONS,62,62,0,100.0
DREDGECORP,1295,1295,0,100.0
DRREDDY,3134,3134,0,100.0
EASEMYTRIP,745,745,0,100.0
DHANUKA,1489,1489,0,100.0
DHFL,1599,1599,0,100.0
DISHTV,1915,1915,0,100.0
DIVISLAB,3134,3134,0,100.0
DIXON,2087,2087,0,100.0
DLF,3134,3134,0,100.0
DCW,304,304,0,100.0
DEEPAKFERT,2387,2387,0,100.0
DEEPAKNTR,1840,1840,0,100.0
DELHIVERY,1007,1007,0,100.0
DELTACORP,2534,2534,0,100.0
DENABANK,1253,1253,0,100.0
DEVYANI,1096,1096,0,100.0
DATAPATTNS,847,847,0,100.0
DBCORP,1791,1791,0,100.0
DBL,1488,1488,0,100.0
DCAL,868,868,0,100.0
DCBBANK,2039,2039,0,100.0
DCMSHRIRAM,3011,3011,0,100.0
ETERNAL,1096,1096,0,100.0
EVEREADY,867,867,0,100.0
EXCELCROP,135,135,0,100.0
EXIDEIND,3134,3134,0,100.0
FACT,1220,1220,0,100.0
FCEL,3,3,0,100.0
FDC,2413,2413,0,100.0
FEDERALBNK,3134,3134,0,100.0
EQUITASBNK,869,869,0,100.0
ERIS,1947,1947,0,100.0
EROSMEDIA,1295,1295,0,100.0
ESABINDIA,193,193,0,100.0
ESCORTS,3134,3134,0,100.0
ESSAROIL,62,62,0,100.0
EMAMILTD,3134,3134,0,100.0
EMCURE,469,469,0,100.0
EMMVEE,105,105,0,100.0
ENDURANCE,2334,2334,0,100.0
ENGINERSIN,3134,3134,0,100.0
ENRIN,227,227,0,100.0
EPL,2413,2413,0,100.0
EICHERMOT,3134,3134,0,100.0
EIDPARRY,3134,3134,0,100.0
EIHOTEL,3134,3134,0,100.0
ELECON,601,601,0,100.0
ELGIEQUIP,1963,1963,0,100.0
GEPIL,1915,1915,0,100.0
GESHIP,3134,3134,0,100.0
GHCL,1009,1009,0,100.0
GICRE,2087,2087,0,100.0
GILLETTE,2763,2763,0,100.0
GLAND,1283,1283,0,100.0
GLAXO,3134,3134,0,100.0
GLENMARK,3134,3134,0,100.0
GAIL,3134,3134,0,100.0
GALAXYSURF,1363,1363,0,100.0
GALLANTT,105,105,0,100.0
GARFIBRES,996,996,0,100.0
GDL,1416,1416,0,100.0
FORCEMOT,227,227,0,100.0
FORTIS,2915,2915,0,100.0
FRETAIL,1073,1073,0,100.0
FRL,480,480,0,100.0
FSC,3,3,0,100.0
FSL,3134,3134,0,100.0
GABRIEL,105,105,0,100.0
GAEL,1120,1120,0,100.0
FINCABLES,3134,3134,0,100.0
FINEORG,1489,1489,0,100.0
FINPIPE,3030,3030,0,100.0
FIRSTCRY,352,352,0,100.0
FIVESTAR,847,847,0,100.0
FLFL,1048,1048,0,100.0
FMGOETZE,309,309,0,100.0
GRSE,918,918,0,100.0
GSFC,2783,2783,0,100.0
GTOFFSHORE,179,179,0,100.0
GUJALKALI,1734,1734,0,100.0
GUJFLUORO,1355,1355,0,100.0
GUJNRECOKE,429,429,0,100.0
GRASIM,2925,2925,0,100.0
GRAVITA,352,352,0,100.0
GREAVESCOT,2039,2039,0,100.0
GREENPANEL,248,248,0,100.0
GRINDWELL,2537,2537,0,100.0
GRINFRA,621,621,0,100.0
GROWW,105,105,0,100.0
GODREJAGRO,1736,1736,0,100.0
GODREJCP,3134,3134,0,100.0
GODREJIND,3134,3134,0,100.0
GODREJPROP,3134,3134,0,100.0
GPIL,724,724,0,100.0
GPPL,2908,2908,0,100.0
GRANULES,3134,3134,0,100.0
GRAPHITE,2087,2087,0,100.0
GMDCLTD,2392,2392,0,100.0
GMMPFAUDLR,1061,1061,0,100.0
GMRAIRPORT,3010,3010,0,100.0
GNFC,2108,2108,0,100.0
GOCOLORS,496,496,0,100.0
GODFRYPHLP,3134,3134,0,100.0
GODIGIT,476,476,0,100.0
HEXT,227,227,0,100.0
HIKAL,497,497,0,100.0
HIMATSEIDE,1664,1664,0,100.0
HINDALCO,3134,3134,0,100.0
HINDCOPPER,3134,3134,0,100.0
HINDOILEXP,429,429,0,100.0
HDFCBANK,3134,3134,0,100.0
HDFCLIFE,1963,1963,0,100.0
HDIL,1172,1172,0,100.0
HEG,2087,2087,0,100.0
HERITGFOOD,867,867,0,100.0
HEROMOTOCO,3134,3134,0,100.0
HAVELLS,3134,3134,0,100.0
HBLENGINE,3134,3134,0,100.0
HCL-INSYS,1295,1295,0,100.0
HCLTECH,3134,3134,0,100.0
HDBFS,105,105,0,100.0
HDFCAMC,1840,1840,0,100.0
GULFOILLUB,1345,1345,0,100.0
HAL,1963,1963,0,100.0
HAPPYFORGE,126,126,0,100.0
HATSUN,1277,1277,0,100.0
CRISIL,3134,3134,0,100.0
CSBBANK,1061,1061,0,100.0
CUB,3134,3134,0,100.0
CUMMINSIND,3134,3134,0,100.0
CYIENT,3134,3134,0,100.0
DABUR,3134,3134,0,100.0
CONCORDBIO,707,707,0,100.0
COROMANDEL,3134,3134,0,100.0
CORPBANK,1272,1272,0,100.0
CPPLUS,105,105,0,100.0
CRAFTSMAN,847,847,0,100.0
CREDITACC,1882,1882,0,100.0
CMC,301,301,0,100.0
COALINDIA,3134,3134,0,100.0
COFORGE,3134,3134,0,100.0
COLPAL,3134,3134,0,100.0
CONCOR,3134,3134,0,100.0
CHEMPLASTS,745,745,0,100.0
CHENNPETRO,2392,2392,0,100.0
CHOICEIN,227,227,0,100.0
CHOLAFIN,3134,3134,0,100.0
CIEINDIA,2783,2783,0,100.0
CIPLA,3134,3134,0,100.0
CLEAN,1096,1096,0,100.0
IDBI,3134,3134,0,100.0
IDEA,2763,2763,0,100.0
IEX,2087,2087,0,100.0
IFBIND,1613,1613,0,100.0
IFCI,2140,2140,0,100.0
IGARASHI,1048,1048,0,100.0
IBREALEST,2411,2411,0,100.0
ICICIAMC,105,105,0,100.0
ICICIBANK,3134,3134,0,100.0
ICICIGI,2087,2087,0,100.0
ICICIPRULI,2334,2334,0,100.0
ICRA,1545,1545,0,100.0
HTMEDIA,1111,1111,0,100.0
HUBTOWN,304,304,0,100.0
HUDCO,2191,2191,0,100.0
HUHTAMAKI,1915,1915,0,100.0
HYUNDAI,352,352,0,100.0
HINDPETRO,3134,3134,0,100.0
HINDUNILVR,3134,3134,0,100.0
HINDZINC,3134,3134,0,100.0
HLEGLAS,496,496,0,100.0
HMVL,925,925,0,100.0
HOMEFIRST,1220,1220,0,100.0
HONASA,601,601,0,100.0
HONAUT,3012,3012,0,100.0
INOXINDIA,372,372,0,100.0
INOXWIND,1589,1589,0,100.0
IOB,3134,3134,0,100.0
IOC,3134,3134,0,100.0
IOLCP,376,376,0,100.0
INDOSTAR,370,370,0,100.0
INDRAMEDCO,179,179,0,100.0
INDUSINDBK,3134,3134,0,100.0
INDUSTOWER,3134,3134,0,100.0
INFINITE,179,179,0,100.0
INFY,3134,3134,0,100.0
INGERRAND,1613,1613,0,100.0
INDHOTEL,3134,3134,0,100.0
INDIACEM,3134,3134,0,100.0
INDIAGLYCO,179,179,0,100.0
INDIAMART,1659,1659,0,100.0
INDIANB,3134,3134,0,100.0
INDIGOPNTS,745,745,0,100.0
INDOCO,2106,2106,0,100.0
IGIL,352,352,0,100.0
IGL,3134,3134,0,100.0
IKS,352,352,0,100.0
IL&FSTRANS,1295,1295,0,100.0
IMFA,304,304,0,100.0
INDGN,476,476,0,100.0
JINDALPOLY,1172,1172,0,100.0
JINDALSAW,2410,2410,0,100.0
JINDALSTEL,3134,3134,0,100.0
JINDWORLD,124,124,0,100.0
JIOFIN,601,601,0,100.0
JKCEMENT,2831,2831,0,100.0
JAICORPLTD,1791,1791,0,100.0
JAINREC,105,105,0,100.0
JAMNAAUTO,1240,1240,0,100.0
ITC,3134,3134,0,100.0
ITCHOTELS,227,227,0,100.0
ITDC,740,740,0,100.0
J&KBANK,2392,2392,0,100.0
JAGRAN,1791,1791,0,100.0
IPAPPM,801,801,0,100.0
IPCALAB,3134,3134,0,100.0
IRB,3134,3134,0,100.0
IRCON,1594,1594,0,100.0
IRCTC,1536,1536,0,100.0
IREDA,476,476,0,100.0
IRFC,1220,1220,0,100.0
ISEC,1607,1607,0,100.0
CENTURYPLY,2852,2852,0,100.0
CERA,3030,3030,0,100.0
CESC,2852,2852,0,100.0
CGCL,1712,1712,0,100.0
CHALET,1716,1716,0,100.0
CHAMBLFERT,3134,3134,0,100.0
CCL,3134,3134,0,100.0
CEATLTD,3134,3134,0,100.0
CELLO,250,250,0,100.0
CEMPRO,105,105,0,100.0
CENTRALBK,3134,3134,0,100.0
CANBK,3134,3134,0,100.0
CANFINHOME,3134,3134,0,100.0
CANHLIFE,105,105,0,100.0
CARBORUNIV,3134,3134,0,100.0
CARERATING,1730,1730,0,100.0
CARTRADE,105,105,0,100.0
BRIGADE,3011,3011,0,100.0
BRITANNIA,3134,3134,0,100.0
BSE,2210,2210,0,100.0
BSOFT,1719,1719,0,100.0
CAMLINFINE,3,3,0,100.0
CAMPUS,903,903,0,100.0
CAMS,1344,1344,0,100.0
KAJARIACER,3134,3134,0,100.0
KALYANKJIL,1220,1220,0,100.0
KANSAINER,2908,2908,0,100.0
KARURVYSYA,3134,3134,0,100.0
KAYNES,724,724,0,100.0
KEC,3134,3134,0,100.0
KEI,1840,1840,0,100.0
KENNAMET,248,248,0,100.0
JTEKTINDIA,261,261,0,100.0
JUBLFOOD,3134,3134,0,100.0
JUBLINGREA,1220,1220,0,100.0
JUBLPHARMA,1220,1220,0,100.0
JUSTDIAL,2847,2847,0,100.0
JWL,601,601,0,100.0
JYOTHYLAB,2989,2989,0,100.0
JYOTICNC,476,476,0,100.0
JSL,2210,2210,0,100.0
JSLHISAR,1155,1155,0,100.0
JSWCEMENT,165,165,0,100.0
JSWDULUX,3134,3134,0,100.0
JSWINFRA,601,601,0,100.0
JSWSTEEL,3134,3134,0,100.0
JKLAKSHMI,2783,2783,0,100.0
JKPAPER,1365,1365,0,100.0
JKTYRE,2515,2515,0,100.0
JMFINANCIL,3134,3134,0,100.0
JPASSOCIAT,1416,1416,0,100.0
JPINFRATEC,801,801,0,100.0
JPPOWER,1648,1648,0,100.0
LAOPALA,1242,1242,0,100.0
LAURUSLABS,2297,2297,0,100.0
LAXMIMACH,2534,2534,0,100.0
LEMONTREE,1777,1777,0,100.0
LENSKART,105,105,0,100.0
LGBBROSLTD,3,3,0,100.0
LGEINDIA,105,105,0,100.0
KRBL,2231,2231,0,100.0
KSB,1060,1060,0,100.0
KSCL,2039,2039,0,100.0
KTKBANK,1791,1791,0,100.0
KWALITY,1172,1172,0,100.0
LAKSHVILAS,1599,1599,0,100.0
KITEX,994,994,0,100.0
KNRCON,1986,1986,0,100.0
KOLTEPATIL,1791,1791,0,100.0
KOTAKBANK,3134,3134,0,100.0
KPIL,3134,3134,0,100.0
KPITTECH,1584,1584,0,100.0
KPRMILL,2705,2705,0,100.0
KFINTECH,847,847,0,100.0
KIMS,1096,1096,0,100.0
KIOCL,306,306,0,100.0
KIRLOSBROS,372,372,0,100.0
KIRLOSENG,781,781,0,100.0
MANAPPURAM,3134,3134,0,100.0
MANDHANA,480,480,0,100.0
MANGCHEFER,429,429,0,100.0
MANINFRA,179,179,0,100.0
MANKIND,778,778,0,100.0
MANYAVAR,867,867,0,100.0
MAPMYINDIA,1096,1096,0,100.0
M&MFIN,3134,3134,0,100.0
MAGMA,1599,1599,0,100.0
MAHABANK,1840,1840,0,100.0
MAHINDUGIN,2,2,0,100.0
MAHLIFE,1421,1421,0,100.0
MAHLOG,1240,1240,0,100.0
MAHSEAMLES,1118,1118,0,100.0
LTF,3134,3134,0,100.0
LTFOODS,352,352,0,100.0
LTM,943,943,0,100.0
LTTS,2334,2334,0,100.0
LUPIN,3134,3134,0,100.0
LUXIND,1363,1363,0,100.0
LXCHEM,745,745,0,100.0
M&M,3134,3134,0,100.0
LICHSGFIN,3134,3134,0,100.0
LICI,1007,1007,0,100.0
LINDEINDIA,2888,2888,0,100.0
LLOYDSME,601,601,0,100.0
LODHA,1220,1220,0,100.0
LOVABLE,304,304,0,100.0
LT,3134,3134,0,100.0
MOIL,2288,2288,0,100.0
MONNETISPA,429,429,0,100.0
MONSANTO,1232,1232,0,100.0
MOTHERSON,2823,2823,0,100.0
MPHASIS,3134,3134,0,100.0
MRF,3134,3134,0,100.0
METROBRAND,745,745,0,100.0
METROPOLIS,1615,1615,0,100.0
MGL,2334,2334,0,100.0
MHRIL,2659,2659,0,100.0
MIDHANI,565,565,0,100.0
MINDACORP,1963,1963,0,100.0
MAYURUNIQ,501,501,0,100.0
MAZDOCK,1344,1344,0,100.0
MCLEODRUSS,1295,1295,0,100.0
MCX,1719,1719,0,100.0
MEDANTA,847,847,0,100.0
MEDPLUS,621,621,0,100.0
MEESHO,105,105,0,100.0
METALFORGE,3,3,0,100.0
MARICO,3134,3134,0,100.0
MARKSANS,869,869,0,100.0
MARUTI,3134,3134,0,100.0
MASFIN,868,868,0,100.0
MASTEK,1295,1295,0,100.0
MAX,429,429,0,100.0
MAXHEALTH,1344,1344,0,100.0
MAXINDIA,676,676,0,100.0
NFL,1115,1115,0,100.0
NHPC,3134,3134,0,100.0
NIACL,1963,1963,0,100.0
NIITLTD,63,63,0,100.0
NILKAMAL,2039,2039,0,100.0
NIVABUPA,352,352,0,100.0
NCC,3134,3134,0,100.0
NDTV,65,65,0,100.0
NESCO,1117,1117,0,100.0
NESTLEIND,1719,1719,0,100.0
NETWEB,476,476,0,100.0
NEULANDLAB,352,352,0,100.0
NEWGEN,476,476,0,100.0
NAUKRI,3134,3134,0,100.0
NAVA,352,352,0,100.0
NAVNETEDUL,376,376,0,100.0
NBCC,3073,3073,0,100.0
MRPL,3134,3134,0,100.0
MTARTECH,616,616,0,100.0
MTNL,1172,1172,0,100.0
MUNJALSHOW,6,6,0,100.0
MUTHOOTFIN,3134,3134,0,100.0
NAM-INDIA,1963,1963,0,100.0
NATIONALUM,3134,3134,0,100.0
BLS,847,847,0,100.0
BLUEDART,3134,3134,0,100.0
BLUEJET,227,227,0,100.0
BLUESTARCO,3134,3134,0,100.0
BORORENEW,621,621,0,100.0
BOSCHLTD,3134,3134,0,100.0
BPCL,3134,3134,0,100.0
BHARTIARTL,3134,3134,0,100.0
BHARTIHEXA,476,476,0,100.0
BHEL,3134,3134,0,100.0
BHUSANSTL,1172,1172,0,100.0
BIKAJI,847,847,0,100.0
BIOCON,3134,3134,0,100.0
BIRLACORPN,2783,2783,0,100.0
BLISSGVS,1915,1915,0,100.0
BELRISE,105,105,0,100.0
BERGEPAINT,3134,3134,0,100.0
BGRENERGY,1172,1172,0,100.0
BHARATFIN,1232,1232,0,100.0
BHARATFORG,3134,3134,0,100.0
BHARATRAS,566,566,0,100.0
BANKINDIA,3134,3134,0,100.0
BASF,2783,2783,0,100.0
BATAINDIA,3134,3134,0,100.0
BAYERCROP,1719,1719,0,100.0
BBTC,3134,3134,0,100.0
BDL,1996,1996,0,100.0
BEL,3134,3134,0,100.0
PAGEIND,3134,3134,0,100.0
PARADEEP,105,105,0,100.0
PARAGMILK,799,799,0,100.0
PAYTM,1096,1096,0,100.0
PCBL,3134,3134,0,100.0
ONESOURCE,227,227,0,100.0
ONGC,3134,3134,0,100.0
ORIENTBANK,1476,1476,0,100.0
ORIENTCEM,1363,1363,0,100.0
ORIENTELEC,1240,1240,0,100.0
ORIENTREF,2,2,0,100.0
NYKAA,1096,1096,0,100.0
OBEROIRLTY,3134,3134,0,100.0
OCL,755,755,0,100.0
OFSS,3134,3134,0,100.0
OIL,3134,3134,0,100.0
OLECTRA,971,971,0,100.0
OMAXE,1791,1791,0,100.0
NLCINDIA,3134,3134,0,100.0
NMDC,2975,2975,0,100.0
NOCIL,757,757,0,100.0
NSLNISP,830,830,0,100.0
NTPC,3134,3134,0,100.0
NTPCGREEN,352,352,0,100.0
NUVAMA,601,601,0,100.0
NUVOCO,972,972,0,100.0
POLYPLEX,871,871,0,100.0
POWERGRID,3134,3134,0,100.0
POWERINDIA,1471,1471,0,100.0
PPLPHARMA,875,875,0,100.0
PREMIERENE,352,352,0,100.0
PRESTIGE,3134,3134,0,100.0
PIRAMALFIN,105,105,0,100.0
PNB,3134,3134,0,100.0
PNCINFRA,2466,2466,0,100.0
POLICYBZR,1096,1096,0,100.0
POLYCAB,1719,1719,0,100.0
POLYMED,1536,1536,0,100.0
PFS,1234,1234,0,100.0
PGEL,352,352,0,100.0
PGHH,2906,2906,0,100.0
PGHL,2412,2412,0,100.0
PHOENIXLTD,3134,3134,0,100.0
PIDILITIND,3134,3134,0,100.0
PIIND,3073,3073,0,100.0
PINELABS,105,105,0,100.0
PENIND,3,3,0,100.0
PERSISTENT,3134,3134,0,100.0
PETRONET,3134,3134,0,100.0
PFC,3134,3134,0,100.0
PFIZER,3010,3010,0,100.0
PFOCUS,304,304,0,100.0
RBA,851,851,0,100.0
RBLBANK,2380,2380,0,100.0
RCF,3030,3030,0,100.0
RCOM,1416,1416,0,100.0
RECLTD,3134,3134,0,100.0
REDINGTON,3134,3134,0,100.0
RELAXO,2506,2506,0,100.0
RALLIS,2534,2534,0,100.0
RAMCOCEM,3134,3134,0,100.0
RATNAMANI,1493,1493,0,100.0
RAYMONDLSL,131,131,0,100.0
PWL,105,105,0,100.0
QUESS,1991,1991,0,100.0
RADICO,3134,3134,0,100.0
RAILTEL,851,851,0,100.0
RAINBOW,909,909,0,100.0
RAJESHEXPO,2783,2783,0,100.0
RAJTV,304,304,0,100.0
PRINCEPIPE,869,869,0,100.0
PRIVISCL,250,250,0,100.0
PSL,62,62,0,100.0
PSPPROJECT,137,137,0,100.0
PTC,1791,1791,0,100.0
PVRINOX,884,884,0,100.0
RVNL,1719,1719,0,100.0
SADBHIN,248,248,0,100.0
SAFARI,249,249,0,100.0
SAGILITY,352,352,0,100.0
SAIL,3134,3134,0,100.0
SAILIFE,352,352,0,100.0
SAMMAANCAP,3073,3073,0,100.0
ROUTE,1118,1118,0,100.0
RRKABEL,601,601,0,100.0
RTNINDIA,870,870,0,100.0
RUCHISOYA,925,925,0,100.0
RUPA,492,492,0,100.0
RUSTOMJEE,124,124,0,100.0
RICOAUTO,3,3,0,100.0
RIIL,925,925,0,100.0
RITES,1903,1903,0,100.0
ROLTA,925,925,0,100.0
ROSSARI,744,744,0,100.0
RELIANCE,3134,3134,0,100.0
RELIGARE,1172,1172,0,100.0
RENUKA,2534,2534,0,100.0
REPCOHOME,1477,1477,0,100.0
RESPONIND,250,250,0,100.0
RHFL,369,369,0,100.0
BAJFINANCE,3134,3134,0,100.0
BALAMINES,993,993,0,100.0
BALKRISIND,2706,2706,0,100.0
BALLARPUR,1172,1172,0,100.0
BALMLAWRIE,1915,1915,0,100.0
BALRAMCHIN,3134,3134,0,100.0
BANDHANBNK,1963,1963,0,100.0
BANKBARODA,3134,3134,0,100.0
AXISBANK,3134,3134,0,100.0
BAJAJ-AUTO,3134,3134,0,100.0
BAJAJCON,1978,1978,0,100.0
BAJAJELEC,2305,2305,0,100.0
BAJAJFINSV,3134,3134,0,100.0
BAJAJHFL,352,352,0,100.0
BAJAJHIND,1172,1172,0,100.0
BAJAJHLDNG,3134,3134,0,100.0
ASTRAZEN,2539,2539,0,100.0
ATHERENERG,227,227,0,100.0
ATUL,3134,3134,0,100.0
AUBANK,2181,2181,0,100.0
AUROPHARMA,3134,3134,0,100.0
AWL,971,971,0,100.0
ARVIND,632,632,0,100.0
ARVINDFASN,240,240,0,100.0
ASAHIINDIA,1820,1820,0,100.0
ASHOKA,1861,1861,0,100.0
ASHOKLEY,3134,3134,0,100.0
ASIANPAINT,3134,3134,0,100.0
ASTERDM,2024,2024,0,100.0
ASTRAL,2956,2956,0,100.0
SHRIRAMCIT,2128,2128,0,100.0
SHRIRAMFIN,3134,3134,0,100.0
SHYAMMETL,1096,1096,0,100.0
SIEMENS,3134,3134,0,100.0
SIGNATURE,601,601,0,100.0
SIMPLEXINF,801,801,0,100.0
SINTEX,801,801,0,100.0
SHASUNPHAR,301,301,0,100.0
SHILPAMED,2101,2101,0,100.0
SHK,1029,1029,0,100.0
SHOPERSTOP,2163,2163,0,100.0
SHREEASHTA,62,62,0,100.0
SHREECEM,3134,3134,0,100.0
SCHAEFFLER,3134,3134,0,100.0
SCI,2520,2520,0,100.0
SFL,1496,1496,0,100.0
SHANKARA,369,369,0,100.0
SAPPHIRE,1096,1096,0,100.0
SARDAEN,352,352,0,100.0
SAREGAMA,912,912,0,100.0
SBFC,601,601,0,100.0
SBICARD,1511,1511,0,100.0
SBILIFE,2087,2087,0,100.0
SBIN,3134,3134,0,100.0
STAR,2005,2005,0,100.0
STARCEMENT,1081,1081,0,100.0
STARHEALTH,1096,1096,0,100.0
STCINDIA,925,925,0,100.0
SUDARSCHEM,1488,1488,0,100.0
SUMICHEM,1536,1536,0,100.0
SPANDANA,429,429,0,100.0
SPICEJET,689,689,0,100.0
SPLPETRO,105,105,0,100.0
SPTL,369,369,0,100.0
SREINFRA,1416,1416,0,100.0
SRF,3134,3134,0,100.0
SRIPIPES,3,3,0,100.0
SOBHA,3134,3134,0,100.0
SOLARA,501,501,0,100.0
SOMANYCERA,1048,1048,0,100.0
SONACOMS,1200,1200,0,100.0
SOUTHBANK,1791,1791,0,100.0
SIS,1241,1241,0,100.0
SITICABLE,3,3,0,100.0
SJVN,3134,3134,0,100.0
TATACHEM,2947,2947,0,100.0
TATACOFFEE,1429,1429,0,100.0
TATACOMM,2647,2647,0,100.0
TATACONSUM,3134,3134,0,100.0
TATAELXSI,3134,3134,0,100.0
TATAPOWER,3134,3134,0,100.0
TATASPONGE,1295,1295,0,100.0
SYNDIBANK,1476,1476,0,100.0
SYRMA,724,724,0,100.0
TAKE,1664,1664,0,100.0
TARIL,352,352,0,100.0
TASTYBITE,564,564,0,100.0
TATACAP,105,105,0,100.0
SUPREMEIND,3134,3134,0,100.0
SUVEN,1190,1190,0,100.0
SWANCORP,3134,3134,0,100.0
SWARAJENG,137,137,0,100.0
SWIGGY,352,352,0,100.0
SYMPHONY,1984,1984,0,100.0
SUNCLAYLTD,419,419,0,100.0
SUNDARMFIN,2917,2917,0,100.0
SUNDRMFAST,3023,3023,0,100.0
SUNPHARMA,3134,3134,0,100.0
SUNTECK,2659,2659,0,100.0
SUNTV,3134,3134,0,100.0
SUPRAJIT,2165,2165,0,100.0
TIINDIA,2024,2024,0,100.0
TIMETECHNO,740,740,0,100.0
TIMKEN,3134,3134,0,100.0
TITAGARH,601,601,0,100.0
TITAN,3134,3134,0,100.0
TMB,250,250,0,100.0
TMCV,105,105,0,100.0
TEXRAIL,1295,1295,0,100.0
THELEELA,227,227,0,100.0
THERMAX,3134,3134,0,100.0
THOMASCOOK,1416,1416,0,100.0
THYROCARE,1488,1488,0,100.0
TI,304,304,0,100.0
TIDEWATER,925,925,0,100.0
TCS,3134,3134,0,100.0
TEAMLEASE,1363,1363,0,100.0
TECHM,3134,3134,0,100.0
TECHNOE,660,660,0,100.0
TEGA,105,105,0,100.0
TEJASNET,971,971,0,100.0
TENNIND,105,105,0,100.0
TATASTEEL,3134,3134,0,100.0
TATATECH,601,601,0,100.0
TBOTEK,476,476,0,100.0
TCI,819,819,0,100.0
TCIEXP,996,996,0,100.0
TCNSBRANDS,1117,1117,0,100.0
ULTRACEMCO,3134,3134,0,100.0
UNICHEMLAB,1295,1295,0,100.0
UNIONBANK,3134,3134,0,100.0
UNITDSPR,3134,3134,0,100.0
UNITECH,1172,1172,0,100.0
UNITEDBNK,124,124,0,100.0
UNOMINDA,2334,2334,0,100.0
UPL,3134,3134,0,100.0
TVTODAY,1221,1221,0,100.0
UBHOLDINGS,62,62,0,100.0
UBL,3134,3134,0,100.0
UCOBANK,3073,3073,0,100.0
UFLEX,2411,2411,0,100.0
UJJIVAN,1285,1285,0,100.0
UJJIVANSFB,814,814,0,100.0
TRIVENI,952,952,0,100.0
TTKPRESTIG,2534,2534,0,100.0
TUBEINVEST,838,838,0,100.0
TVSMOTOR,3134,3134,0,100.0
TVSSCS,250,250,0,100.0
TMPV,3134,3134,0,100.0
TNPL,1416,1416,0,100.0
TORNTPHARM,3134,3134,0,100.0
TORNTPOWER,3134,3134,0,100.0
TRAVELFOOD,105,105,0,100.0
TRENT,3134,3134,0,100.0
TRITURBINE,2515,2515,0,100.0
APARINDS,1717,1717,0,100.0
APLAPOLLO,3134,3134,0,100.0
APLLTD,2852,2852,0,100.0
APOLLOHOSP,3134,3134,0,100.0
APOLLOTYRE,3134,3134,0,100.0
APTECHT,179,179,0,100.0
APTUS,1096,1096,0,100.0
ARE&M,3134,3134,0,100.0
ANANDRATHI,601,601,0,100.0
ANANTRAJ,1401,1401,0,100.0
ANDHRABANK,1476,1476,0,100.0
ANGELBRKG,125,125,0,100.0
ANTHEM,105,105,0,100.0
ANURAS,850,850,0,100.0
ALKYLAMINE,1432,1432,0,100.0
ALLCARGO,2126,2126,0,100.0
ALOKTEXT,801,801,0,100.0
AMBER,1719,1719,0,100.0
AMBUJACEM,3134,3134,0,100.0
AMTEKAUTO,925,925,0,100.0
AHLUCONT,1048,1048,0,100.0
AIAENG,3134,3134,0,100.0
AIIL,352,352,0,100.0
AJANTPHARM,2956,2956,0,100.0
AKUMS,361,361,0,100.0
ALBK,1476,1476,0,100.0
ALEMBICLTD,376,376,0,100.0
ALIVUS,126,126,0,100.0
AARTIDRUGS,871,871,0,100.0
YESBANK,3005,3005,0,100.0
ZEEL,3134,3134,0,100.0
ZEELEARN,1172,1172,0,100.0
ZENSARTECH,3011,3011,0,100.0
ZENTEC,352,352,0,100.0
ZFCVINDIA,3134,3134,0,100.0
AADHARHFC,476,476,0,100.0
ZYDUSLIFE,3134,3134,0,100.0
ZYDUSWELL,2393,2393,0,100.0
3MINDIA,3134,3134,0,100.0
